time,x,y,pressure,tilt_x,tilt_y
1607551139123284,5186,7006,2060,200,1500
1607551139125130,5185,7006,2163,200,1500
1607551139126979,5184,7005,2267,200,1500
1607551139128829,5184,7005,2367,200,1500
1607551139130673,5183,7003,2466,200,1500
1607551139132527,5183,7002,2561,200,1500
1607551139134376,5182,7002,2650,200,1500
1607551139136225,5181,7002,2735,200,1500
1607551139138070,5177,7001,2810,200,1500
1607551139139920,5177,7001,2872,200,1500
1607551139141769,5182,7001,2930,200,1500
1607551139143613,5183,7000,2981,200,1500
1607551139145458,5182,7000,3026,200,1500
1607551139147306,5182,7001,3071,200,1500
1607551139149152,5184,7001,3116,200,1500
1607551139151003,5178,7001,3157,200,1500
1607551139152856,5177,7002,3197,200,1500
1607551139154701,5183,7002,3239,200,1500
1607551139156549,5183,7001,3277,200,1500
1607551139158394,5183,7001,3309,200,1500
1607551139160245,5184,7002,3340,200,1500
1607551139162097,5184,7002,3368,200,1500
1607551139163943,5184,7003,3392,200,1500
1607551139165785,5185,7004,3414,200,1500
1607551139167634,5185,7004,3435,200,1500
1607551139169485,5186,7005,3452,200,1500
1607551139171338,5187,7006,3469,200,1500
1607551139173184,5192,7006,3488,200,1400
1607551139175027,5193,7005,3506,200,1400
1607551139176879,5190,7006,3520,200,1400
1607551139178728,5190,7007,3540,200,1400
1607551139180574,5188,7007,3564,200,1400
1607551139182421,5187,7007,3584,200,1400
1607551139184266,5189,7007,3605,200,1400
1607551139186115,5186,7007,3630,200,1400
1607551139187962,5185,7007,3656,200,1400
1607551139189811,5189,7008,3683,200,1400
1607551139191661,5189,7008,3708,200,1400
1607551139193511,5189,7008,3731,200,1400
1607551139195358,5189,7008,3753,200,1400
1607551139197202,5179,7008,3776,200,1400
1607551139199060,5179,7009,3798,200,1400
1607551139200900,5190,7009,3817,200,1400
1607551139202747,5190,7009,3835,200,1400
1607551139204594,5190,7009,3858,200,1400
1607551139206441,5190,7009,3881,200,1400
1607551139208286,5202,7009,3901,200,1400
1607551139210138,5201,7009,3924,200,1400
1607551139211993,5189,7009,3953,200,1400
1607551139213842,5191,7009,3972,200,1400
1607551139215686,5191,7010,3986,200,1400
1607551139217535,5191,7010,4003,200,1400
1607551139219380,5190,7010,4018,200,1400
1607551139221238,5193,7011,4036,200,1400
1607551139223094,5193,7011,4049,200,1400
1607551139224922,5192,7010,4063,200,1400
1607551139226772,5192,7011,4081,200,1400
1607551139228618,5192,7011,4095,200,1400
1607551139230530,5191,7011,4095,200,1400
1607551139232316,5180,7011,4095,200,1400
1607551139234164,5181,7011,4095,200,1400
1607551139236014,5194,7011,4095,200,1400
1607551139241557,5194,7012,4095,200,1400
1607551139243403,5204,7012,4095,200,1400
1607551139245251,5194,7013,4095,200,1400
1607551139247097,5185,7012,4095,200,1400
1607551139248946,5197,7012,4095,200,1400
1607551139250796,5198,7013,4095,100,1400
1607551139252645,5197,7013,4095,100,1400
1607551139254494,5195,7013,4095,100,1400
1607551139256340,5211,7013,4095,100,1400
1607551139258193,5213,7013,4095,100,1400
1607551139260038,5198,7012,4095,100,1400
1607551139263728,5199,7013,4095,100,1400
1607551139267421,5195,7013,4095,100,1400
1607551139269273,5195,7014,4095,100,1400
1607551139271124,5197,7015,4095,100,1400
1607551139272972,5198,7016,4095,100,1400
1607551139274821,5199,7016,4095,100,1400
1607551139276668,5200,7015,4095,100,1400
1607551139278516,5199,7015,4095,100,1400
1607551139280363,5191,7015,4095,100,1400
1607551139282209,5192,7016,4095,100,1400
1607551139284058,5200,7017,4095,100,1400
1607551139287749,5201,7017,4095,100,1400
1607551139289601,5202,7017,4095,100,1400
1607551139291453,5208,7018,4095,100,1400
1607551139295145,5202,7019,4095,100,1400
1607551139296996,5202,7019,4095,100,1300
1607551139302535,5210,7019,4095,100,1300
1607551139304385,5210,7020,4095,100,1300
1607551139306236,5202,7021,4095,100,1300
1607551139308083,5203,7021,4095,100,1300
1607551139309930,5204,7021,4095,100,1300
1607551139313624,5203,7021,4095,100,1300
1607551139315475,5201,7021,4095,100,1300
1607551139317325,5202,7021,4095,100,1300
1607551139319173,5205,7021,4095,100,1300
1607551139321020,5205,7022,4095,100,1300
1607551139322868,5206,7023,4095,100,1300
1607551139326557,5192,7023,4095,100,1300
1607551139328408,5192,7024,4095,100,1300
1607551139330259,5205,7025,4095,100,1300
1607551139335804,5206,7026,4095,100,1300
1607551139337649,5224,7026,4095,100,1300
1607551139339502,5219,7025,4095,100,1300
1607551139341357,5200,7026,4095,100,1300
1607551139343194,5205,7027,4095,100,1300
1607551139345040,5204,7028,4095,100,1300
1607551139346890,5205,7029,4095,100,1300
1607551139348736,5205,7031,4095,100,1300
1607551139350588,5207,7033,4095,100,1300
1607551139352439,5208,7035,4095,100,1300
1607551139354286,5208,7039,4095,100,1300
1607551139356130,5208,7043,4095,100,1300
1607551139357981,5210,7045,4095,100,1300
1607551139359823,5210,7048,4095,100,1300
1607551139361684,5202,7051,4095,100,1300
1607551139363525,5204,7054,4095,100,1300
1607551139365370,5213,7057,4095,100,1300
1607551139367219,5214,7060,4095,100,1300
1607551139369066,5214,7063,4095,100,1300
1607551139370913,5215,7066,4095,100,1300
1607551139372766,5222,7068,4095,100,1300
1607551139374613,5214,7071,4095,100,1300
1607551139376460,5209,7073,4095,100,1300
1607551139378310,5218,7077,4095,100,1300
1607551139380157,5219,7080,4095,100,1300
1607551139382001,5220,7082,4095,100,1300
1607551139383919,5221,7085,4095,100,1300
1607551139385697,5238,7088,4095,100,1300
1607551139387543,5239,7091,4095,100,1300
1607551139389392,5224,7093,4095,100,1300
1607551139391247,5224,7095,4095,100,1300
1607551139393095,5225,7096,4095,100,1300
1607551139394943,5225,7098,4095,100,1300
1607551139396796,5222,7100,4095,100,1300
1607551139398638,5223,7101,4095,100,1300
1607551139400485,5226,7101,4095,100,1300
1607551139402330,5226,7103,4095,100,1300
1607551139406021,5226,7101,4095,100,1300
1607551139407871,5225,7101,4095,100,1300
1607551139409721,5216,7102,4095,100,1300
1607551139411573,5217,7103,4095,100,1300
1607551139413424,5226,7103,4095,100,1300
1607551139415269,5226,7104,4095,100,1300
1607551139417116,5226,7105,4095,100,1300
1607551139418958,5227,7105,4095,100,1300
1607551139420813,5229,7107,4095,100,1300
1607551139422670,5229,7109,4095,100,1300
1607551139424506,5227,7110,4095,100,1300
1607551139426357,5228,7113,4095,100,1300
1607551139428204,5228,7115,4095,100,1300
1607551139430049,5229,7116,4095,100,1300
1607551139431904,5239,7117,4095,100,1300
1607551139433748,5238,7118,4095,100,1300
1607551139435599,5229,7120,4095,100,1300
1607551139437446,5229,7121,4095,100,1300
1607551139439290,5228,7121,4095,100,1300
1607551139444829,5226,7122,4095,100,1300
1607551139446681,5226,7123,4095,100,1300
1607551139448530,5228,7123,4095,100,1300
1607551139450377,5228,7123,4095,100,1300
1607551139455918,5216,7124,4095,100,1300
1607551139457771,5217,7123,4095,100,1300
1607551139459624,5228,7124,4095,100,1300
1607551139461480,5227,7124,4095,100,1300
1607551139467003,5243,7125,4095,100,1300
1607551139468852,5236,7125,4095,100,1300
1607551139470708,5220,7125,4095,100,1300
1607551139472562,5227,7126,4095,100,1300
1607551139478098,5227,7128,4095,100,1300
1607551139479949,5226,7132,4095,100,1300
1607551139481798,5226,7135,4095,100,1300
1607551139483646,5225,7137,4095,100,1300
1607551139485491,5225,7140,4095,100,1300
1607551139487336,5225,7142,4095,100,1300
1607551139489183,5225,7144,4095,0,1300
1607551139491031,5216,7147,4095,100,1300
1607551139492887,5217,7148,4095,0,1300
1607551139494731,5224,7148,4095,0,1300
1607551139496584,5224,7151,4095,0,1300
1607551139498428,5224,7153,4095,0,1300
1607551139500278,5224,7154,4095,0,1300
1607551139502119,5227,7155,4095,100,1300
1607551139503969,5219,7156,4095,100,1300
1607551139505817,5215,7158,4095,100,1300
1607551139507668,5223,7160,4095,100,1300
1607551139509516,5223,7162,4095,100,1300
1607551139511366,5222,7164,4095,100,1300
1607551139513215,5222,7166,4095,0,1300
1607551139515065,5237,7167,4095,0,1300
1607551139516911,5237,7168,4095,0,1300
1607551139518758,5222,7168,4095,0,1300
1607551139522447,5222,7170,4095,0,1300
1607551139524298,5221,7171,4095,0,1300
1607551139526140,5225,7170,4095,0,1300
1607551139527990,5226,7170,4095,0,1300
1607551139529840,5223,7171,4095,0,1300
1607551139531698,5221,7172,4095,0,1300
1607551139533543,5221,7171,4095,0,1300
1607551139539078,5210,7171,4095,0,1300
1607551139540935,5210,7171,4095,0,1300
1607551139542782,5220,7172,4095,0,1300
1607551139544628,5220,7172,4095,0,1300
1607551139550169,5216,7173,4095,0,1300
1607551139552074,5215,7176,4095,0,1300
1607551139553929,5218,7180,4095,0,1300
1607551139555718,5218,7181,4095,0,1300
1607551139557564,5217,7183,4095,0,1300
1607551139559413,5217,7186,4095,0,1300
1607551139561258,5227,7187,4095,0,1300
1607551139563102,5227,7190,4095,0,1300
1607551139564952,5215,7192,4095,0,1300
1607551139566804,5215,7193,4095,0,1300
1607551139568650,5216,7194,4095,0,1300
1607551139570498,5216,7195,4095,0,1300
1607551139572353,5216,7198,4095,0,1300
1607551139574199,5212,7200,4095,0,1300
1607551139576043,5211,7202,4095,0,1300
1607551139577890,5215,7204,4095,0,1300
1607551139579745,5215,7206,4095,0,1300
1607551139581590,5214,7207,4095,0,1300
1607551139583431,5215,7209,4095,0,1400
1607551139585278,5204,7211,4095,0,1400
1607551139587125,5205,7213,4095,0,1400
1607551139588976,5216,7216,4095,0,1400
1607551139590828,5215,7217,4095,0,1400
1607551139592676,5216,7217,4095,0,1400
1607551139594527,5216,7219,4095,0,1400
1607551139596374,5231,7220,4095,0,1400
1607551139598222,5226,7219,4095,0,1400
1607551139600076,5210,7220,4095,0,1400
1607551139601918,5215,7221,4095,0,1400
1607551139605604,5214,7221,4095,0,1400
1607551139607459,5214,7222,4095,0,1400
1607551139609307,5221,7222,4095,0,1400
1607551139611152,5222,7222,4095,0,1400
1607551139613005,5215,7222,4095,0,1400
1607551139616698,5215,7223,4095,0,1400
1607551139620394,5209,7222,4095,0,1400
1607551139622241,5209,7223,4095,0,1400
1607551139624087,5215,7223,4095,0,1400
1607551139625942,5215,7224,4095,0,1400
1607551139627786,5215,7228,4095,0,1400
1607551139629636,5214,7232,4095,0,1400
1607551139631487,5219,7234,4095,0,1400
1607551139633333,5209,7237,4095,0,1400
1607551139635179,5204,7239,4095,0,1400
1607551139637029,5214,7241,4095,0,1400
1607551139638879,5214,7243,4095,0,1400
1607551139640726,5214,7246,4095,0,1400
1607551139642571,5215,7249,4095,0,1400
1607551139644412,5222,7251,4095,0,1400
1607551139646270,5222,7253,4095,0,1400
1607551139648116,5215,7255,4095,0,1400
1607551139649962,5215,7257,4095,0,1400
1607551139651814,5215,7261,4095,0,1400
1607551139653662,5215,7264,4095,0,1400
1607551139655511,5222,7266,4095,0,1400
1607551139657357,5221,7268,4095,0,1400
1607551139659208,5214,7271,4095,0,1400
1607551139661058,5215,7274,4095,0,1400
1607551139662898,5217,7277,4095,0,1400
1607551139664750,5217,7278,4095,0,1400
1607551139666593,5215,7281,4095,0,1400
1607551139668443,5208,7282,4095,0,1400
1607551139670290,5210,7284,4095,0,1400
1607551139672141,5217,7286,4095,0,1400
1607551139673990,5217,7287,4095,0,1400
1607551139675837,5217,7289,4095,0,1400
1607551139679525,5206,7291,4095,0,1400
1607551139681443,5206,7292,4095,0,1400
1607551139683222,5217,7294,4095,0,1400
1607551139685073,5218,7296,4095,0,1400
1607551139688766,5217,7297,4095,0,1400
1607551139690619,5244,7297,4095,0,1400
1607551139692470,5244,7298,4095,0,1400
1607551139694317,5219,7300,4095,0,1400
1607551139696164,5220,7302,4095,0,1400
1607551139698014,5217,7304,4095,0,1400
1607551139699860,5217,7305,4095,0,1400
1607551139701711,5219,7307,4095,0,1400
1607551139703551,5218,7309,4095,0,1400
1607551139705399,5217,7311,4095,0,1400
1607551139707248,5218,7313,4095,0,1400
1607551139709099,5218,7316,4095,0,1400
1607551139710945,5219,7318,4095,0,1400
1607551139712797,5218,7320,4095,0,1400
1607551139714646,5204,7322,4095,0,1400
1607551139716488,5205,7325,4095,0,1400
1607551139718338,5220,7328,4095,0,1400
1607551139720196,5220,7329,4095,0,1400
1607551139722035,5220,7330,4095,0,1400
1607551139723883,5221,7333,4095,0,1400
1607551139725732,5232,7335,4095,0,1400
1607551139727575,5225,7337,4095,0,1400
1607551139729424,5214,7338,4095,0,1400
1607551139731293,5221,7340,4095,0,1400
1607551139733127,5221,7341,4095,0,1400
1607551139734973,5222,7343,4095,0,1400
1607551139736819,5221,7346,4095,0,1400
1607551139738663,5232,7348,4095,0,1400
1607551139740515,5233,7351,4095,0,1400
1607551139742361,5222,7353,4095,0,1400
1607551139744213,5223,7355,4095,0,1400
1607551139746060,5223,7357,4095,0,1400
1607551139747903,5222,7359,4095,0,1400
1607551139749753,5218,7360,4095,0,1400
1607551139751610,5218,7361,4095,0,1400
1607551139753457,5223,7364,4095,0,1400
1607551139755312,5223,7366,4095,0,1400
1607551139757149,5223,7368,4095,0,1400
1607551139759000,5222,7369,4095,0,1400
1607551139760848,5225,7370,4095,0,1400
1607551139762687,5218,7372,4095,0,1400
1607551139764538,5215,7373,4095,0,1400
1607551139766386,5223,7374,4095,0,1400
1607551139768239,5223,7376,4095,0,1400
1607551139770081,5223,7377,4095,0,1400
1607551139771937,5223,7378,4095,0,1400
1607551139773782,5228,7378,4095,0,1400
1607551139775631,5228,7379,4095,0,1400
1607551139777475,5223,7379,4095,0,1400
1607551139779328,5222,7379,4095,0,1400
1607551139783015,5222,7380,4095,0,1400
1607551139784868,5227,7381,4095,0,1400
1607551139786711,5225,7382,4095,0,1400
1607551139788560,5220,7382,4095,0,1400
1607551139790410,5222,7382,4095,0,1400
1607551139794102,5221,7382,4095,0,1400
1607551139795958,5219,7383,4095,0,1400
1607551139797802,5210,7384,4095,0,1400
1607551139799651,5213,7386,4095,0,1400
1607551139801504,5221,7387,4095,0,1400
1607551139803350,5221,7388,4095,0,1400
1607551139805192,5221,7391,4095,0,1300
1607551139807042,5220,7393,4095,0,1300
1607551139808890,5212,7394,4095,0,1300
1607551139810775,5212,7395,4095,0,1300
1607551139812592,5220,7396,4095,0,1300
1607551139816282,5220,7397,4095,0,1300
1607551139818134,5219,7398,4095,0,1300
1607551139819985,5235,7401,4095,0,1300
1607551139821823,5231,7403,4095,0,1300
1607551139823673,5217,7405,4095,0,1300
1607551139825522,5221,7406,4095,0,1300
1607551139827378,5219,7408,4095,0,1300
1607551139829218,5219,7410,4095,0,1300
1607551139831067,5220,7412,4095,0,1300
1607551139832919,5217,7413,4095,0,1300
1607551139834766,5217,7414,4095,0,1300
1607551139836612,5220,7416,4095,0,1300
1607551139838461,5219,7419,4095,0,1300
1607551139840311,5220,7421,4095,0,1300
1607551139842156,5221,7422,4095,0,1300
1607551139844000,5207,7425,4095,0,1300
1607551139845845,5207,7427,4095,0,1300
1607551139847698,5220,7429,4095,0,1300
1607551139849547,5220,7430,4095,0,1300
1607551139851401,5221,7433,4095,0,1300
1607551139853250,5221,7437,4095,0,1300
1607551139855095,5230,7439,4095,0,1300
1607551139856945,5219,7441,4095,0,1300
1607551139858791,5209,7443,4095,0,1300
1607551139860637,5219,7445,4095,0,1300
1607551139862489,5220,7447,4095,0,1300
1607551139864332,5220,7449,4095,0,1300
1607551139866180,5219,7452,4095,0,1300
1607551139868030,5234,7455,4095,0,1300
1607551139869876,5235,7457,4095,0,1300
1607551139871727,5220,7458,4095,0,1300
1607551139873570,5219,7461,4095,0,1300
1607551139875427,5219,7463,4095,0,1300
1607551139877274,5219,7465,4095,0,1300
1607551139879121,5215,7467,4095,0,1300
1607551139880963,5215,7468,4095,0,1300
1607551139882808,5218,7471,4095,0,1300
1607551139884658,5219,7473,4095,0,1300
1607551139886509,5219,7475,4095,0,1300
1607551139888358,5218,7476,4095,0,1300
1607551139890204,5219,7477,4095,0,1300
1607551139892056,5210,7479,4095,0,1300
1607551139893903,5208,7481,4095,0,1300
1607551139895752,5216,7482,4095,0,1300
1607551139897603,5216,7483,4095,0,1300
1607551139899451,5215,7484,4095,0,1300
1607551139901308,5216,7485,4095,0,1300
1607551139903142,5223,7486,4095,0,1300
1607551139904984,5223,7487,4095,0,1300
1607551139906838,5216,7487,4095,0,1300
1607551139908686,5215,7488,4095,0,1300
1607551139910533,5215,7489,4095,0,1300
1607551139912386,5215,7491,4095,0,1300
1607551139914233,5220,7492,4095,0,1300
1607551139916080,5220,7493,4095,0,1300
1607551139917930,5213,7494,4095,0,1300
1607551139919777,5213,7495,4095,0,1300
1607551139921622,5214,7497,4095,0,1300
1607551139923470,5214,7499,4095,0,1300
1607551139925317,5213,7499,4095,0,1300
1607551139927165,5207,7500,4095,0,1300
1607551139929014,5208,7501,4095,0,1300
1607551139930861,5214,7502,4095,0,1300
1607551139932714,5214,7503,4095,0,1300
1607551139938253,5205,7504,4095,0,1300
1607551139941949,5214,7504,4095,0,1300
1607551139943805,5214,7505,4095,0,1300
1607551139949334,5232,7505,4095,0,1300
1607551139951227,5226,7504,4095,0,1300
1607551139953039,5208,7504,4095,0,1300
1607551139954887,5214,7505,4095,0,1300
1607551139960425,5215,7505,4095,0,1300
1607551139962278,5214,7505,4095,0,1300
1607551139964122,5213,7505,4095,0,1300
1607551139965971,5214,7505,4095,0,1300
1607551139969665,5214,7506,4095,0,1300
1607551139973364,5191,7507,4095,0,1300
1607551139975219,5192,7507,4095,0,1300
1607551139977062,5214,7507,4095,0,1300
1607551139978913,5214,7508,4095,0,1300
1607551139980760,5214,7510,4095,0,1300
1607551139982605,5213,7513,4095,0,1300
1607551139984453,5220,7515,4095,0,1300
1607551139986301,5214,7517,4095,0,1300
1607551139988160,5208,7518,4095,0,1300
1607551139989992,5215,7519,4095,0,1300
1607551139991848,5214,7521,4095,0,1300
1607551139995538,5213,7522,4095,0,1300
1607551139997391,5227,7522,4095,0,1300
1607551139999235,5228,7523,4095,0,1300
1607551140001085,5214,7525,4095,0,1300
1607551140002931,5213,7526,4095,0,1300
1607551140004783,5213,7528,4095,0,1300
1607551140006628,5213,7529,4095,0,1300
1607551140008477,5213,7530,4095,0,1300
1607551140010324,5213,7531,4095,0,1300
1607551140012174,5213,7533,4095,0,1300
1607551140014029,5213,7535,4095,0,1300
1607551140015868,5213,7535,4095,0,1300
1607551140017720,5213,7534,4095,0,1300
1607551140019569,5214,7535,4095,0,1300
1607551140021424,5201,7535,4095,0,1300
1607551140023259,5200,7535,4095,0,1300
1607551140025109,5212,7536,4095,0,1300
1607551140026954,5213,7537,4095,0,1300
1607551140028805,5213,7538,4095,0,1300
1607551140030653,5212,7539,4095,0,1300
1607551140032503,5224,7541,4095,0,1300
1607551140034352,5223,7543,4095,0,1300
1607551140036194,5212,7543,4095,0,1300
1607551140038049,5212,7544,4095,0,1300
1607551140039893,5212,7545,4095,0,1300
1607551140041744,5212,7545,4095,0,1300
1607551140043583,5216,7546,4095,0,1300
1607551140045442,5215,7547,4095,0,1300
1607551140047285,5211,7547,4095,0,1300
1607551140049132,5212,7547,4095,0,1300
1607551140050976,5211,7547,4095,0,1300
1607551140052828,5211,7547,4095,0,1300
1607551140054688,5210,7547,4095,0,1300
1607551140056529,5206,7547,4095,0,1300
1607551140058371,5208,7549,4095,0,1300
1607551140060229,5212,7550,4095,0,1300
1607551140062068,5212,7551,4095,0,1300
1607551140063918,5212,7552,4095,0,1300
1607551140065762,5211,7553,4095,0,1300
1607551140067611,5201,7555,4095,0,1300
1607551140069459,5201,7556,4095,0,1300
1607551140071312,5211,7559,4095,0,1300
1607551140073155,5211,7560,4095,0,1300
1607551140075006,5212,7561,4095,0,1300
1607551140076857,5212,7562,4095,0,1300
1607551140078704,5224,7563,4095,0,1300
1607551140080551,5220,7564,4095,0,1300
1607551140082450,5210,7566,4095,0,1300
1607551140084251,5214,7567,4095,0,1300
1607551140086093,5211,7569,4095,0,1300
1607551140087941,5211,7571,4095,0,1100
1607551140089788,5211,7572,4095,0,1100
1607551140091637,5213,7574,4095,0,1100
1607551140093484,5212,7575,4095,0,1100
1607551140095344,5210,7577,4095,0,1100
1607551140097181,5210,7580,4095,0,1100
1607551140099027,5210,7581,4095,0,1100
1607551140100874,5210,7583,4095,0,1100
1607551140102726,5202,7584,4095,0,1100
1607551140104571,5201,7585,4095,0,1100
1607551140106416,5209,7586,4095,0,1100
1607551140108266,5210,7588,4095,0,1100
1607551140110113,5210,7590,4095,0,1100
1607551140111973,5210,7593,4095,0,1100
1607551140113819,5218,7595,4095,0,1100
1607551140115664,5214,7596,4095,0,1100
1607551140117508,5205,7598,4095,0,1100
1607551140119359,5210,7599,4095,0,1100
1607551140121224,5210,7601,4095,0,1100
1607551140123053,5209,7603,4095,0,1100
1607551140124898,5209,7605,4095,0,1100
1607551140126746,5216,7606,4095,0,1100
1607551140128593,5217,7608,4095,0,1100
1607551140130446,5210,7611,4095,0,1100
1607551140132296,5210,7614,4095,0,1100
1607551140134148,5211,7615,4095,0,1100
1607551140135993,5211,7617,4095,0,1100
1607551140137842,5210,7619,4095,0,1100
1607551140139686,5210,7621,4095,0,1100
1607551140141532,5211,7623,4095,0,1100
1607551140143379,5211,7626,4095,0,1100
1607551140145226,5212,7628,4095,0,1100
1607551140148919,5212,7629,4095,0,1100
1607551140150774,5206,7631,4095,0,1100
1607551140152624,5206,7632,4095,0,1100
1607551140154469,5213,7633,4095,0,1100
1607551140156317,5212,7634,4095,0,1100
1607551140158168,5213,7634,4095,0,1100
1607551140160017,5212,7635,4095,0,1100
1607551140161864,5215,7636,4095,0,1100
1607551140163708,5216,7637,4095,0,1100
1607551140165551,5213,7637,4095,0,1100
1607551140167401,5212,7637,4095,0,1100
1607551140169252,5212,7638,4095,0,1100
1607551140171098,5213,7638,4095,0,1100
1607551140172953,5221,7638,4095,0,1100
1607551140174799,5220,7638,4095,0,1100
1607551140176644,5212,7639,4095,0,1100
1607551140178494,5212,7640,4095,0,1100
1607551140185879,5208,7640,4095,100,1100
1607551140187730,5208,7640,4095,100,1100
1607551140189587,5213,7641,4095,100,1100
1607551140191434,5213,7643,4095,100,1100
1607551140193281,5212,7645,4095,100,1100
1607551140195128,5212,7646,4095,100,1100
1607551140196975,5196,7648,4095,100,1100
1607551140198825,5196,7649,4095,100,1100
1607551140200675,5213,7651,4095,100,1100
1607551140202521,5213,7653,4095,100,1100
1607551140204369,5213,7654,4095,100,1100
1607551140206218,5213,7655,4095,100,1100
1607551140208062,5224,7656,4095,0,1100
1607551140209910,5218,7657,4095,0,1100
1607551140211764,5209,7658,4095,0,1100
1607551140213608,5215,7660,4095,0,1100
1607551140215454,5214,7662,4095,0,1000
1607551140217304,5214,7663,4095,0,1000
1607551140219154,5214,7665,4095,0,1000
1607551140221000,5224,7667,4095,0,1000
1607551140222843,5225,7669,4095,0,1000
1607551140224694,5216,7670,4095,0,1000
1607551140226542,5216,7672,4095,0,1000
1607551140228388,5217,7673,4095,0,1000
1607551140230239,5217,7675,4095,0,1000
1607551140232089,5210,7676,4095,0,1000
1607551140233938,5211,7677,4095,0,1000
1607551140235782,5218,7678,4095,0,1000
1607551140237630,5217,7679,4095,0,1000
1607551140239479,5217,7681,4095,0,1000
1607551140241340,5217,7683,4095,0,1000
1607551140243172,5222,7684,4095,100,1000
1607551140245020,5215,7685,4095,100,1000
1607551140246865,5209,7687,4095,100,1000
1607551140248719,5217,7689,4095,100,1000
1607551140250630,5218,7690,4095,100,1000
1607551140254257,5218,7691,4095,100,1000
1607551140256113,5225,7693,4095,100,1000
1607551140257960,5225,7694,4095,100,1000
1607551140259820,5218,7696,4095,100,1000
1607551140261661,5218,7697,4095,0,1000
1607551140263502,5217,7698,4095,0,1000
1607551140265349,5217,7700,4095,0,1000
1607551140267197,5213,7702,4095,100,1000
1607551140269043,5212,7703,4095,100,1000
1607551140270899,5216,7705,4095,100,1000
1607551140272747,5218,7707,4095,0,1000
1607551140274589,5217,7708,4095,0,1000
1607551140276440,5217,7709,4095,0,1000
1607551140278290,5216,7710,4095,100,1000
1607551140280137,5208,7712,4095,100,1000
1607551140281981,5209,7714,4095,100,1000
1607551140283827,5217,7715,4095,100,1000
1607551140285676,5217,7716,4095,100,1000
1607551140287526,5217,7717,4095,100,1000
1607551140289373,5217,7719,4095,100,1000
1607551140291230,5208,7720,4095,100,1000
1607551140294913,5216,7722,4095,100,1000
1607551140296767,5218,7724,4095,100,1000
1607551140298615,5218,7725,4095,100,1000
1607551140300464,5218,7726,4095,100,1000
1607551140302308,5232,7727,4095,100,1000
1607551140304157,5229,7728,4095,100,1000
1607551140306004,5215,7729,4095,100,1000
1607551140307851,5218,7729,4095,100,1000
1607551140309707,5219,7730,4095,100,1000
1607551140311556,5219,7731,4095,100,1000
1607551140315241,5214,7732,4095,100,1000
1607551140317096,5215,7732,4095,100,1000
1607551140318940,5220,7733,4095,100,1000
1607551140320788,5219,7733,4095,100,1000
1607551140326329,5208,7734,4095,100,1000
1607551140328180,5207,7734,4095,100,1000
1607551140330024,5218,7735,4095,100,1000
1607551140331942,5219,7734,4095,100,1000
1607551140337418,5228,7734,4095,100,1000
1607551140339271,5219,7733,4095,100,1000
1607551140341117,5211,7733,4095,100,1000
1607551140342965,5220,7733,4095,100,1000
1607551140344812,5219,7734,4095,100,1000
1607551140346662,5218,7735,4095,100,1000
1607551140348509,5219,7735,4095,100,1000
1607551140350356,5232,7735,4095,100,1000
1607551140352207,5231,7735,4095,100,1000
1607551140354059,5218,7735,4095,100,1000
1607551140355924,5219,7735,4095,100,1000
1607551140359597,5219,7737,4095,100,1000
1607551140361453,5212,7739,4095,100,1000
1607551140363295,5211,7741,4095,100,1000
1607551140365143,5218,7742,4095,100,1000
1607551140366999,5218,7744,4095,100,1000
1607551140368839,5218,7748,4095,100,1000
1607551140370686,5218,7749,4095,100,1000
1607551140372543,5222,7750,4095,100,1000
1607551140374384,5216,7752,4095,100,1000
1607551140376236,5210,7753,4095,100,1000
1607551140378081,5216,7754,4095,100,1000
1607551140379927,5219,7755,4095,100,1000
1607551140383614,5218,7756,4095,100,1000
1607551140385467,5226,7758,4095,100,1000
1607551140387316,5227,7760,4095,100,1000
1607551140389160,5218,7761,4095,100,1000
1607551140391077,5217,7763,4095,100,1000
1607551140392859,5217,7766,4095,100,1000
1607551140394712,5217,7768,4095,100,1000
1607551140396557,5219,7770,4095,100,1000
1607551140398407,5220,7772,4095,100,1000
1607551140400254,5218,7774,4095,100,1000
1607551140402099,5218,7776,4095,100,1000
1607551140403948,5218,7777,4095,100,1000
1607551140405798,5218,7779,4095,100,1000
1607551140407646,5217,7782,4095,100,1000
1607551140409493,5212,7785,4095,0,1000
1607551140411346,5213,7786,4095,0,1000
1607551140413189,5219,7788,4095,0,1000
1607551140415038,5219,7791,4095,0,1000
1607551140416887,5219,7793,4095,0,1000
1607551140418738,5219,7794,4095,0,1000
1607551140420581,5209,7795,4095,100,1000
1607551140422430,5210,7797,4095,0,1000
1607551140424275,5219,7799,4095,0,1000
1607551140426120,5219,7801,4095,0,1100
1607551140427971,5219,7803,4095,0,1100
1607551140429818,5220,7805,4095,0,1100
1607551140431668,5238,7808,4095,0,1100
1607551140433517,5234,7809,4095,0,1100
1607551140435365,5216,7811,4095,0,1100
1607551140437211,5220,7812,4095,0,1100
1607551140440910,5220,7813,4095,0,1100
1607551140442754,5221,7814,4095,0,1100
1607551140444600,5217,7815,4095,0,1100
1607551140446447,5217,7815,4095,0,1100
1607551140448292,5220,7816,4095,0,1100
1607551140450144,5220,7817,4095,0,1100
1607551140452007,5221,7818,4095,0,1100
1607551140455682,5209,7818,4095,100,1100
1607551140457537,5208,7819,4095,100,1100
1607551140459384,5219,7820,4095,100,1100
1607551140461256,5220,7821,4095,100,1100
1607551140463077,5220,7823,4095,100,1100
1607551140464931,5219,7825,4095,100,1100
1607551140466774,5225,7827,4095,100,1100
1607551140468625,5221,7828,4095,0,1100
1607551140470471,5218,7830,4095,0,1100
1607551140472318,5222,7833,4095,0,1100
1607551140474166,5220,7833,4095,0,1100
1607551140476015,5220,7834,4095,0,1100
1607551140477867,5220,7836,4095,0,1100
1607551140479712,5234,7838,4095,0,1100
1607551140481560,5233,7839,4095,0,1100
1607551140483409,5220,7840,4095,0,1100
1607551140485257,5220,7841,4095,0,1100
1607551140488950,5221,7842,4095,0,1100
1607551140490803,5216,7843,4095,0,1100
1607551140492653,5216,7844,4095,0,1100
1607551140494501,5221,7844,4095,0,1100
1607551140496352,5221,7846,4095,0,1100
1607551140498201,5221,7847,4095,0,1100
1607551140500046,5220,7846,4095,0,1100
1607551140501889,5225,7847,4095,100,1100
1607551140503737,5215,7847,4095,100,1100
1607551140505584,5212,7847,4095,100,1100
1607551140507434,5223,7848,4095,100,1100
1607551140509283,5221,7849,4095,100,1100
1607551140511130,5221,7850,4095,100,1100
1607551140512978,5220,7851,4095,100,1100
1607551140514826,5223,7851,4095,100,1100
1607551140516676,5223,7853,4095,100,1100
1607551140518522,5222,7854,4095,100,1100
1607551140520368,5221,7855,4095,100,1100
1607551140522223,5220,7856,4095,100,1100
1607551140524070,5221,7857,4095,100,1100
1607551140525917,5223,7859,4095,100,1100
1607551140527765,5221,7861,4095,100,1100
1607551140529613,5220,7862,4095,0,1100
1607551140531462,5221,7862,4095,0,1100
1607551140533302,5221,7863,4095,0,1100
1607551140535151,5222,7866,4095,0,1100
1607551140537003,5221,7868,4095,100,1300
1607551140538849,5214,7870,4095,100,1300
1607551140540701,5214,7873,4095,100,1300
1607551140542548,5221,7876,4095,100,1300
1607551140544395,5222,7877,4095,0,1300
1607551140546238,5222,7878,4095,0,1300
1607551140548095,5221,7881,4095,0,1300
1607551140549942,5214,7883,4095,100,1300
1607551140551794,5215,7886,4095,100,1300
1607551140553635,5222,7888,4095,100,1300
1607551140555482,5222,7890,4095,100,1300
1607551140557326,5222,7892,4095,100,1300
1607551140559183,5222,7893,4095,100,1300
1607551140561027,5238,7895,4095,0,1300
1607551140562880,5236,7897,4095,0,1300
1607551140564723,5220,7900,4095,0,1300
1607551140566571,5222,7901,4095,0,1300
1607551140568422,5222,7903,4095,0,1300
1607551140570266,5222,7905,4095,0,1300
1607551140572121,5223,7906,4095,0,1300
1607551140573965,5225,7907,4095,0,1300
1607551140575810,5224,7909,4095,0,1300
1607551140577659,5222,7911,4095,0,1300
1607551140579510,5223,7912,4095,0,1300
1607551140581355,5223,7913,4095,0,1300
1607551140583201,5223,7914,4095,0,1300
1607551140585051,5214,7915,4095,100,1300
1607551140586896,5214,7916,4095,0,1300
1607551140588745,5223,7917,4095,0,1300
1607551140590593,5223,7918,4095,0,1300
1607551140592450,5223,7920,4095,0,1300
1607551140594303,5223,7921,4095,0,1300
1607551140596144,5231,7921,4095,100,1300
1607551140597988,5226,7921,4095,100,1300
1607551140599836,5216,7922,4095,100,1300
1607551140601688,5221,7924,4095,0,1300
1607551140603529,5222,7925,4095,0,1300
1607551140605386,5223,7926,4095,0,1300
1607551140607231,5224,7927,4095,0,1300
1607551140609078,5232,7929,4095,0,1300
1607551140610922,5231,7930,4095,0,1300
1607551140612767,5223,7931,4095,0,1300
1607551140614626,5223,7932,4095,0,1300
1607551140616460,5223,7934,4095,0,1300
1607551140618310,5224,7937,4095,0,1300
1607551140620162,5220,7937,4095,100,1300
1607551140622012,5220,7938,4095,0,1300
1607551140623858,5224,7940,4095,0,1300
1607551140625704,5225,7942,4095,0,1300
1607551140627552,5225,7944,4095,0,1300
1607551140629400,5224,7944,4095,0,1300
1607551140631256,5223,7946,4095,100,1300
1607551140633097,5215,7948,4095,100,1300
1607551140634940,5217,7948,4095,100,1300
1607551140636795,5224,7949,4095,0,1300
1607551140638642,5225,7950,4095,100,1300
1607551140640488,5225,7951,4095,0,1300
1607551140642342,5225,7952,4095,0,1300
1607551140644190,5230,7952,4095,100,1300
1607551140646037,5231,7952,4095,0,1300
1607551140647885,5226,7952,4095,0,1300
1607551140649730,5225,7953,4095,0,1300
1607551140653427,5225,7952,4095,0,1300
1607551140655303,5229,7952,4095,0,1300
1607551140657121,5228,7953,4095,0,1300
1607551140658968,5223,7954,4095,0,1300
1607551140660817,5224,7953,4095,0,1300
1607551140662664,5225,7952,4095,0,1300
1607551140664516,5225,7953,4095,0,1300
1607551140666363,5224,7953,4095,0,1300
1607551140668209,5217,7953,4095,0,1300
1607551140670053,5217,7953,4095,0,1300
1607551140671910,5225,7953,4095,0,1300
1607551140673754,5224,7954,4095,0,1300
1607551140675603,5224,7954,4095,0,1300
1607551140679290,5213,7954,4095,100,1300
1607551140681145,5214,7954,4095,100,1300
1607551140682998,5225,7953,4095,100,1300
1607551140686687,5225,7954,4095,0,1300
1607551140688535,5224,7954,4095,0,1300
1607551140690387,5236,7955,4095,0,1300
1607551140692235,5231,7955,4095,0,1300
1607551140694082,5220,7954,4095,0,1300
1607551140695932,5225,7955,4095,0,1300
1607551140697783,5224,7956,4095,0,1300
1607551140699626,5224,7958,4095,0,1300
1607551140701476,5224,7961,4095,0,1300
1607551140703326,5231,7964,4095,0,1300
1607551140705172,5231,7967,4095,0,1300
1607551140707018,5225,7969,4095,0,1300
1607551140708866,5225,7971,4095,0,1300
1607551140710717,5224,7973,4095,0,1300
1607551140712561,5224,7974,4095,0,1300
1607551140714413,5212,7975,4095,100,1300
1607551140716259,5212,7976,4095,100,1300
1607551140718104,5224,7978,4095,100,1300
1607551140719953,5224,7980,4095,100,1300
1607551140721806,5224,7982,4095,0,1300
1607551140723654,5224,7983,4095,0,1300
1607551140725502,5249,7985,4095,100,1300
1607551140727349,5241,7987,4095,100,1300
1607551140729196,5217,7989,4095,100,1300
1607551140731044,5224,7990,4095,100,1300
1607551140732888,5223,7992,4095,100,1300
1607551140734741,5224,7994,4095,100,1300
1607551140736588,5224,7995,4095,100,1300
1607551140738434,5236,7996,4095,0,1300
1607551140740282,5237,7999,4095,0,1300
1607551140742127,5224,8001,4095,0,1300
1607551140743975,5224,8002,4095,0,1300
1607551140745826,5224,8004,4095,0,1300
1607551140747671,5224,8006,4095,0,1300
1607551140749524,5235,8008,4095,0,1300
1607551140751369,5236,8009,4095,0,1300
1607551140753220,5225,8011,4095,0,1300
1607551140755065,5224,8013,4095,0,1300
1607551140756918,5224,8015,4095,0,1300
1607551140758765,5224,8016,4095,0,1300
1607551140760613,5224,8017,4095,100,1300
1607551140762463,5216,8019,4095,100,1300
1607551140764310,5217,8020,4095,100,1300
1607551140766157,5226,8020,4095,100,1300
1607551140768003,5224,8021,4095,100,1300
1607551140769851,5224,8023,4095,100,1300
1607551140773548,5209,8023,4095,100,1300
1607551140775400,5210,8024,4095,100,1300
1607551140777246,5225,8025,4095,100,1300
1607551140779094,5224,8026,4095,100,1300
1607551140784628,5236,8027,4095,100,1300
1607551140786482,5234,8028,4095,100,1300
1607551140788329,5222,8029,4095,100,1300
1607551140790176,5224,8029,4095,100,1300
1607551140793914,5224,8031,4095,100,1300
1607551140795803,5223,8032,4095,100,1300
1607551140797571,5217,8031,4095,100,1300
1607551140799418,5219,8032,4095,100,1300
1607551140801269,5225,8033,4095,100,1300
1607551140803117,5225,8034,4095,100,1100
1607551140808656,5219,8035,4095,100,1100
1607551140810507,5218,8036,4095,100,1100
1607551140812356,5224,8037,4095,100,1100
1607551140817892,5224,8038,4095,100,1100
1607551140819745,5235,8039,4095,100,1100
1607551140821597,5228,8041,4095,100,1100
1607551140823444,5218,8042,4095,100,1100
1607551140825291,5224,8043,4095,100,1100
1607551140827138,5224,8044,4095,100,1100
1607551140828990,5224,8045,4095,100,1100
1607551140832679,5247,8047,4095,0,1100
1607551140834530,5246,8050,4095,100,1100
1607551140836379,5223,8051,4095,100,1100
1607551140838227,5223,8052,4095,100,1100
1607551140840071,5223,8053,4095,0,1100
1607551140841924,5222,8055,4095,0,1100
1607551140843774,5214,8057,4095,100,1100
1607551140845623,5214,8059,4095,100,1100
1607551140847470,5222,8061,4095,100,1100
1607551140849318,5221,8063,4095,100,1100
1607551140851160,5221,8064,4095,100,1100
1607551140853012,5222,8066,4095,0,1100
1607551140854860,5229,8066,4095,100,1100
1607551140856709,5222,8066,4095,100,1100
1607551140858556,5215,8068,4095,100,1100
1607551140860404,5222,8070,4095,100,1100
1607551140862253,5221,8071,4095,100,1100
1607551140864100,5221,8072,4095,100,1100
1607551140865948,5220,8073,4095,100,1100
1607551140867798,5231,8075,4095,100,1100
1607551140869643,5231,8077,4095,0,1100
1607551140871494,5220,8078,4095,0,1100
1607551140873338,5220,8079,4095,0,1100
1607551140877033,5220,8080,4095,0,1100
1607551140878882,5220,8081,4095,0,1100
1607551140880732,5220,8082,4095,0,1100
1607551140882582,5221,8082,4095,0,1100
1607551140884427,5220,8083,4095,0,1100
1607551140886271,5221,8085,4095,0,1100
1607551140888123,5221,8087,4095,0,1100
1607551140889971,5223,8087,4095,100,1100
1607551140891824,5219,8088,4095,100,1100
1607551140893663,5217,8089,4095,100,1100
1607551140895511,5220,8089,4095,100,1100
1607551140897360,5221,8090,4095,0,1100
1607551140901088,5220,8091,4095,0,1100
1607551140902906,5219,8092,4095,100,1100
1607551140904756,5221,8093,4095,0,1100
1607551140906604,5222,8095,4095,0,1100
1607551140908452,5221,8095,4095,0,1100
1607551140910295,5222,8096,4095,0,1100
1607551140912146,5222,8097,4095,0,1100
1607551140913989,5237,8098,4095,0,1100
1607551140915843,5234,8099,4095,0,1100
1607551140917692,5218,8100,4095,0,1100
1607551140919539,5220,8101,4095,0,1100
1607551140921386,5221,8102,4095,0,1100
1607551140923235,5221,8104,4095,0,1100
1607551140926931,5215,8105,4095,0,1100
1607551140928781,5216,8106,4095,0,1100
1607551140930630,5222,8107,4095,0,1100
1607551140932471,5221,8108,4095,0,1100
1607551140934320,5221,8109,4095,0,1100
1607551140936169,5222,8111,4095,0,1100
1607551140938017,5213,8113,4095,100,1100
1607551140939865,5212,8114,4095,100,1100
1607551140941716,5221,8116,4095,100,1000
1607551140943564,5223,8117,4095,100,1000
1607551140945409,5223,8118,4095,100,1000
1607551140947262,5223,8120,4095,0,1000
1607551140949106,5232,8122,4095,0,1000
1607551140950958,5230,8123,4095,0,1000
1607551140952804,5221,8124,4095,0,1000
1607551140954648,5224,8125,4095,0,1000
1607551140956496,5224,8126,4095,0,1000
1607551140960187,5225,8127,4095,0,1000
1607551140962047,5241,8128,4095,0,1000
1607551140963896,5240,8129,4095,0,1000
1607551140965740,5223,8130,4095,0,1000
1607551140969443,5224,8131,4095,0,1000
1607551140971289,5224,8133,4095,0,1000
1607551140973130,5215,8133,4095,0,1000
1607551140974977,5216,8134,4095,0,1000
1607551140976827,5225,8136,4095,0,1000
1607551140978671,5224,8138,4095,0,1000
1607551140980520,5224,8139,4095,0,1000
1607551140982375,5224,8138,4095,0,1000
1607551140984223,5228,8139,4095,100,1000
1607551140986071,5216,8140,4095,100,1000
1607551140987918,5214,8140,4095,100,1100
1607551140989767,5225,8140,4095,100,1100
1607551140991614,5225,8141,4095,100,1100
1607551140993470,5225,8142,4095,100,1100
1607551140995304,5224,8142,4095,100,1100
1607551140997157,5230,8143,4095,100,1100
1607551141000847,5224,8144,4095,100,1100
1607551141002697,5225,8144,4095,100,1100
1607551141004550,5225,8145,4095,100,1100
1607551141006395,5225,8146,4095,100,1100
1607551141008237,5223,8147,4095,100,1100
1607551141010091,5223,8147,4095,100,1100
1607551141011938,5225,8147,4095,100,1100
1607551141013782,5225,8147,4095,0,1100
1607551141015633,5225,8149,4095,0,1100
1607551141017485,5225,8150,4095,0,1100
1607551141019325,5226,8151,4095,100,1000
1607551141021225,5221,8152,4095,100,1100
1607551141023026,5220,8152,4095,100,1100
1607551141024874,5225,8153,4095,100,1100
1607551141026724,5225,8155,4095,100,1100
1607551141028570,5225,8156,4095,100,1100
1607551141030423,5225,8157,4095,100,1100
1607551141032267,5205,8158,4095,100,1100
1607551141034119,5206,8160,4095,100,1000
1607551141035964,5226,8162,4095,100,1100
1607551141037810,5226,8162,4095,100,1000
1607551141039661,5226,8163,4095,100,1000
1607551141041509,5226,8165,4095,100,1100
1607551141043356,5247,8167,4095,0,1100
1607551141045204,5247,8169,4095,0,1100
1607551141047055,5227,8172,4095,0,1000
1607551141048902,5227,8174,4095,0,1000
1607551141050768,5227,8175,4095,0,1000
1607551141052590,5227,8177,4095,0,1000
1607551141054438,5226,8179,4095,0,1000
1607551141056290,5224,8180,4095,0,1000
1607551141058137,5227,8182,4095,0,1000
1607551141059983,5229,8184,4095,0,1000
1607551141061833,5228,8185,4095,0,1000
1607551141063681,5228,8187,4095,0,1000
1607551141065523,5228,8188,4095,0,1000
1607551141067373,5217,8189,4095,100,1000
1607551141069228,5216,8190,4095,100,1000
1607551141071073,5227,8192,4095,100,1000
1607551141072920,5227,8193,4095,100,1000
1607551141074765,5226,8194,4095,100,1000
1607551141078459,5238,8195,4095,100,1000
1607551141080322,5233,8195,4095,0,1000
1607551141082159,5222,8196,4095,0,1000
1607551141084008,5226,8197,4095,0,1000
1607551141087697,5226,8198,4095,0,1000
1607551141091395,5240,8198,4095,0,1000
1607551141093247,5240,8199,4095,0,1000
1607551141095095,5226,8201,4095,0,1000
1607551141096942,5225,8201,4095,0,1000
1607551141098791,5225,8202,4095,0,1000
1607551141100641,5226,8202,4095,0,1000
1607551141102491,5220,8203,4095,0,1000
1607551141104333,5220,8204,4095,0,1000
1607551141106190,5226,8205,4095,0,1000
1607551141108034,5226,8208,4095,0,1000
1607551141109880,5226,8209,4095,0,1000
1607551141111731,5226,8210,4095,0,1000
1607551141113572,5228,8211,4095,100,1000
1607551141115418,5217,8212,4095,0,1000
1607551141117274,5216,8213,4095,0,1000
1607551141119122,5226,8214,4095,0,1000
1607551141120969,5227,8215,4095,0,1000
1607551141122820,5227,8216,4095,0,1000
1607551141124663,5226,8217,4095,0,1000
1607551141126515,5235,8218,4095,100,1000
1607551141128359,5236,8219,4095,100,1000
1607551141130206,5227,8220,4095,100,1000
1607551141132059,5228,8222,4095,100,1000
1607551141133907,5228,8223,4095,100,1000
1607551141135754,5227,8224,4095,100,1000
1607551141137601,5229,8224,4095,100,1000
1607551141139447,5229,8225,4095,100,1000
1607551141141299,5227,8225,4095,100,1000
1607551141143148,5227,8225,4095,100,1000
1607551141146840,5227,8226,4095,100,1000
1607551141148688,5227,8227,4095,100,1000
1607551141150539,5222,8228,4095,100,1000
1607551141152383,5221,8228,4095,100,1000
1607551141154234,5226,8229,4095,100,1000
1607551141156082,5227,8230,4095,100,1000
1607551141161625,5217,8231,4095,100,1000
1607551141163479,5218,8231,4095,0,1000
1607551141165325,5228,8232,4095,0,1000
1607551141167171,5228,8233,4095,0,1000
1607551141169018,5228,8234,4095,100,1000
1607551141170866,5227,8234,4095,100,1000
1607551141172713,5243,8235,4095,0,1000
1607551141174560,5242,8235,4095,0,1000
1607551141176409,5226,8236,4095,0,1000
1607551141178256,5228,8236,4095,100,1000
1607551141180105,5228,8237,4095,100,1000
1607551141181955,5228,8238,4095,100,1000
1607551141183801,5227,8237,4095,100,1000
1607551141185649,5232,8238,4095,100,1000
1607551141187501,5232,8239,4095,100,1000
1607551141189350,5228,8239,4095,100,1000
1607551141191225,5229,8240,4095,100,1000
1607551141193045,5229,8241,4095,0,1000
1607551141194894,5230,8241,4095,0,1000
1607551141196737,5218,8242,4095,100,1000
1607551141198588,5217,8243,4095,0,1000
1607551141200438,5227,8244,4095,100,1000
1607551141202285,5228,8245,4095,100,1000
1607551141205974,5229,8246,4095,100,1000
1607551141207825,5239,8247,4095,100,1000
1607551141209673,5230,8248,4095,0,1000
1607551141211521,5220,8248,4095,0,1000
1607551141213372,5229,8251,4095,0,1000
1607551141215219,5230,8253,4095,0,1000
1607551141217064,5229,8254,4095,0,1000
1607551141218910,5229,8255,4095,0,1000
1607551141220763,5244,8256,4095,0,1000
1607551141222613,5244,8258,4095,0,1000
1607551141224464,5228,8260,4095,0,1000
1607551141226307,5228,8262,4095,0,1000
1607551141228153,5228,8264,4095,0,1000
1607551141230010,5228,8267,4095,0,1000
1607551141231846,5220,8269,4095,0,1000
1607551141233698,5220,8270,4095,0,1000
1607551141235543,5229,8272,4095,0,1000
1607551141237392,5229,8274,4095,0,1000
1607551141239241,5229,8275,4095,0,1000
1607551141241088,5229,8276,4095,0,1000
1607551141242940,5230,8278,4095,100,1000
1607551141244786,5218,8279,4095,100,1000
1607551141246638,5218,8280,4095,100,1000
1607551141248484,5230,8281,4095,100,1000
1607551141250334,5230,8284,4095,100,1000
1607551141252181,5230,8285,4095,100,1000
1607551141254026,5230,8286,4095,100,1000
1607551141255893,5234,8287,4095,100,900
1607551141259564,5230,8288,4095,100,900
1607551141263266,5230,8289,4095,100,900
1607551141265115,5230,8290,4095,100,900
1607551141266965,5238,8290,4095,100,900
1607551141268810,5238,8291,4095,100,900
1607551141270660,5230,8291,4095,100,900
1607551141272505,5230,8292,4095,100,900
1607551141274353,5230,8294,4095,100,900
1607551141276201,5230,8295,4095,100,900
1607551141278048,5230,8296,4095,100,900
1607551141279897,5225,8298,4095,100,900
1607551141281747,5226,8299,4095,100,900
1607551141283599,5231,8299,4095,100,900
1607551141285441,5230,8299,4095,100,900
1607551141287285,5230,8300,4095,100,900
1607551141290982,5223,8301,4095,100,900
1607551141292832,5223,8302,4095,100,900
1607551141294682,5230,8302,4095,100,900
1607551141296530,5230,8303,4095,100,900
1607551141298377,5230,8304,4095,100,900
1607551141300226,5230,8305,4095,100,900
1607551141302071,5244,8306,4095,100,900
1607551141303918,5242,8307,4095,100,900
1607551141305769,5228,8308,4095,100,900
1607551141307617,5230,8310,4095,100,900
1607551141309463,5230,8311,4095,100,900
1607551141311316,5230,8312,4095,100,900
1607551141313163,5230,8313,4095,100,900
1607551141315011,5239,8315,4095,100,900
1607551141316856,5240,8316,4095,100,900
1607551141318705,5231,8317,4095,100,900
1607551141320554,5230,8318,4095,100,900
1607551141322401,5231,8320,4095,100,900
1607551141326093,5219,8322,4095,100,900
1607551141327945,5219,8323,4095,100,900
1607551141329797,5231,8324,4095,100,900
1607551141331646,5231,8326,4095,100,900
1607551141333489,5232,8328,4095,100,900
1607551141335341,5232,8329,4095,100,900
1607551141337185,5241,8330,4095,100,900
1607551141339036,5232,8331,4095,100,900
1607551141340881,5223,8333,4095,100,900
1607551141342731,5233,8335,4095,100,900
1607551141344578,5233,8336,4095,100,900
1607551141346423,5233,8338,4095,100,900
1607551141348268,5233,8339,4095,100,900
1607551141350115,5247,8341,4095,100,900
1607551141353817,5233,8342,4095,100,900
1607551141355669,5233,8343,4095,100,900
1607551141357515,5233,8344,4095,100,900
1607551141359361,5233,8345,4095,100,900
1607551141361215,5227,8346,4095,100,900
1607551141363055,5228,8346,4095,100,900
1607551141364909,5234,8347,4095,100,900
1607551141366750,5233,8347,4095,100,900
1607551141368597,5233,8348,4095,100,900
1607551141370449,5234,8349,4095,100,900
1607551141372299,5238,8349,4095,100,900
1607551141374145,5231,8350,4095,100,900
1607551141375994,5228,8351,4095,100,900
1607551141377843,5234,8352,4095,100,900
1607551141383377,5233,8352,4095,100,900
1607551141385236,5235,8352,4095,100,900
1607551141387083,5235,8353,4095,100,900
1607551141390773,5234,8353,4095,100,900
1607551141392627,5234,8353,4095,100,700
1607551141396318,5246,8353,4095,100,700
1607551141398171,5247,8354,4095,100,700
1607551141400016,5235,8354,4095,100,700
1607551141401868,5234,8354,4095,100,700
1607551141403715,5233,8354,4095,100,700
1607551141407407,5234,8354,4095,100,700
1607551141409257,5227,8355,4095,100,700
1607551141411104,5229,8355,4095,100,700
1607551141412952,5236,8356,4095,100,900
1607551141414800,5233,8357,4095,100,900
1607551141416655,5233,8359,4095,100,900
1607551141418499,5233,8361,4095,100,900
1607551141420345,5222,8362,4095,100,700
1607551141422193,5222,8364,4095,100,700
1607551141424042,5232,8366,4095,100,700
1607551141425891,5232,8367,4095,100,700
1607551141427738,5232,8368,4095,100,900
1607551141429588,5233,8369,4095,100,900
1607551141431434,5249,8370,4095,100,900
1607551141433279,5247,8372,4095,100,700
1607551141435128,5231,8374,4095,100,900
1607551141436974,5233,8375,4095,100,900
1607551141438824,5233,8377,4095,100,900
1607551141440672,5233,8379,4095,100,900
1607551141442525,5233,8380,4095,100,900
1607551141444372,5244,8381,4095,100,900
1607551141446215,5245,8382,4095,100,900
1607551141448069,5234,8382,4095,100,900
1607551141449917,5232,8383,4095,100,900
1607551141451765,5232,8385,4095,100,900
1607551141453610,5233,8386,4095,100,900
1607551141455456,5221,8388,4095,100,900
1607551141457301,5220,8389,4095,100,900
1607551141459151,5233,8390,4095,100,900
1607551141461001,5233,8391,4095,100,900
1607551141462852,5232,8392,4095,100,900
1607551141464701,5232,8393,4095,100,900
1607551141466545,5237,8395,4095,100,900
1607551141468398,5224,8397,4095,100,900
1607551141470245,5219,8398,4095,100,900
1607551141472093,5232,8399,4095,100,900
1607551141473936,5232,8401,4095,100,900
1607551141475786,5232,8402,4095,100,900
1607551141477635,5232,8403,4095,100,900
1607551141479538,5246,8404,4095,100,900
1607551141481329,5246,8406,4095,0,900
1607551141483177,5232,8406,4095,0,900
1607551141485025,5232,8407,4095,0,900
1607551141486873,5232,8408,4095,0,900
1607551141488719,5232,8409,4095,0,900
1607551141490566,5225,8410,4095,0,900
1607551141492414,5224,8410,4095,0,900
1607551141494263,5231,8410,4095,0,900
1607551141496110,5231,8410,4095,0,900
1607551141497957,5231,8412,4095,0,900
1607551141499807,5232,8414,4095,0,900
1607551141501660,5234,8415,4095,100,900
1607551141503507,5225,8417,4095,100,900
1607551141505353,5223,8418,4095,100,900
1607551141507205,5232,8419,4095,100,900
1607551141509051,5232,8420,4095,100,900
1607551141512743,5232,8421,4095,100,900
1607551141514592,5225,8422,4095,100,900
1607551141516440,5225,8423,4095,0,900
1607551141518286,5233,8424,4095,0,900
1607551141520137,5232,8425,4095,0,900
1607551141523829,5233,8426,4095,0,900
1607551141525680,5257,8428,4095,0,900
1607551141527529,5257,8430,4095,0,900
1607551141529376,5234,8431,4095,0,900
1607551141531230,5233,8432,4095,0,900
1607551141533070,5233,8433,4095,0,900
1607551141534919,5233,8436,4095,0,900
1607551141536766,5234,8438,4095,100,900
1607551141538614,5229,8438,4095,0,900
1607551141540460,5228,8439,4095,0,900
1607551141542315,5234,8441,4095,0,900
1607551141544165,5235,8442,4095,0,900
1607551141546005,5235,8445,4095,0,900
1607551141547852,5234,8447,4095,0,900
1607551141549696,5228,8449,4095,100,900
1607551141551557,5229,8450,4095,100,900
1607551141553400,5235,8452,4095,100,900
1607551141555251,5235,8453,4095,100,900
1607551141557095,5235,8455,4095,100,900
1607551141558944,5235,8456,4095,100,900
1607551141560790,5252,8457,4095,100,900
1607551141562643,5250,8458,4095,100,900
1607551141564490,5232,8459,4095,100,900
1607551141566341,5234,8460,4095,100,900
1607551141568187,5234,8461,4095,100,900
1607551141570035,5234,8463,4095,100,900
1607551141571878,5234,8465,4095,100,900
1607551141573724,5243,8465,4095,100,900
1607551141575574,5243,8466,4095,100,900
1607551141577421,5234,8468,4095,100,900
1607551141579270,5233,8469,4095,100,900
1607551141581120,5233,8469,4095,0,900
1607551141582969,5233,8470,4095,0,900
1607551141584808,5224,8471,4095,100,900
1607551141586655,5223,8472,4095,100,900
1607551141588514,5232,8473,4095,100,900
1607551141590366,5232,8473,4095,100,900
1607551141592208,5231,8473,4095,100,900
1607551141594060,5232,8474,4095,0,900
1607551141595906,5236,8475,4095,100,900
1607551141597752,5223,8476,4095,0,900
1607551141599599,5220,8476,4095,0,900
1607551141601453,5232,8477,4095,0,900
1607551141603298,5231,8479,4095,0,900
1607551141605144,5232,8480,4095,0,900
1607551141606990,5232,8481,4095,0,1000
1607551141608849,5251,8482,4095,0,1000
1607551141610683,5251,8483,4095,0,1000
1607551141612582,5232,8484,4095,0,1000
1607551141614386,5232,8485,4095,0,1000
1607551141616236,5232,8486,4095,0,1000
1607551141618079,5232,8487,4095,0,1000
1607551141619927,5233,8487,4095,0,1000
1607551141621776,5234,8487,4095,0,1000
1607551141623621,5233,8489,4095,0,1000
1607551141625474,5233,8490,4095,0,1000
1607551141627316,5233,8490,4095,0,1000
1607551141629169,5233,8492,4095,0,1000
1607551141631013,5232,8493,4095,0,1000
1607551141632872,5227,8493,4095,0,1000
1607551141634708,5228,8494,4095,0,1000
1607551141636559,5233,8494,4095,0,1000
1607551141638410,5233,8495,4095,0,1000
1607551141642099,5232,8496,4095,0,1000
1607551141643946,5223,8497,4095,0,1000
1607551141645803,5223,8498,4095,0,1000
1607551141647651,5233,8498,4095,0,1000
1607551141649501,5233,8499,4095,0,1000
1607551141651349,5233,8499,4095,0,1000
1607551141653195,5233,8500,4095,0,1000
1607551141655041,5248,8500,4095,0,1000
1607551141656888,5249,8500,4095,0,1000
1607551141658738,5233,8501,4095,0,1000
1607551141662431,5233,8502,4095,0,1000
1607551141664280,5233,8502,4095,0,1000
1607551141666129,5232,8503,4095,0,1000
1607551141667970,5231,8506,4095,0,1000
1607551141669820,5230,8507,4095,0,1000
1607551141671722,5231,8508,4095,0,1000
1607551141673524,5231,8508,4095,0,1000
1607551141677211,5231,8509,4095,0,1000
1607551141679066,5221,8510,4095,0,1000
1607551141680911,5221,8511,4095,0,1000
1607551141682760,5232,8512,4095,0,1000
1607551141684608,5231,8513,4095,0,1000
1607551141686455,5231,8514,4095,0,1000
1607551141688304,5231,8515,4095,0,1000
1607551141690153,5248,8516,4095,0,1000
1607551141691999,5244,8516,4095,0,1000
1607551141693847,5227,8517,4095,0,1000
1607551141695695,5231,8518,4095,0,1000
1607551141697540,5232,8519,4095,0,1000
1607551141699396,5232,8520,4095,0,1000
1607551141701245,5232,8521,4095,0,1000
1607551141703084,5243,8522,4095,0,1000
1607551141704938,5242,8523,4095,0,1000
1607551141706786,5231,8524,4095,0,1000
1607551141708635,5233,8525,4095,0,1000
1607551141710480,5233,8526,4095,0,1000
1607551141712326,5233,8527,4095,0,1000
1607551141714174,5223,8529,4095,0,1000
1607551141716026,5223,8530,4095,0,1000
1607551141717870,5233,8530,4095,0,1000
1607551141719722,5234,8531,4095,0,1000
1607551141723414,5234,8532,4095,0,1000
1607551141725269,5234,8533,4095,0,1000
1607551141727114,5221,8534,4095,0,1000
1607551141730806,5234,8535,4095,0,1100
1607551141732657,5234,8536,4095,0,1100
1607551141734508,5233,8537,4095,0,1100
1607551141736353,5233,8537,4095,0,1100
1607551141738203,5247,8538,4095,0,1100
1607551141740045,5247,8538,4095,0,1100
1607551141741897,5234,8538,4095,0,1100
1607551141743750,5234,8540,4095,0,1100
1607551141745597,5234,8541,4095,0,1100
1607551141749286,5240,8543,4095,0,1100
1607551141751137,5241,8545,4095,0,1100
1607551141752983,5235,8546,4095,0,1100
1607551141754833,5235,8546,4095,0,1100
1607551141756679,5235,8547,4095,0,1100
1607551141758528,5235,8548,4095,0,1100
1607551141760376,5236,8549,4095,0,1100
1607551141762226,5229,8550,4095,0,1100
1607551141764075,5227,8551,4095,0,1100
1607551141765922,5235,8552,4095,0,1100
1607551141767772,5235,8552,4095,0,1100
1607551141769613,5235,8552,4095,0,1100
1607551141771465,5236,8553,4095,0,1100
1607551141773314,5228,8554,4095,0,1100
1607551141775162,5227,8555,4095,0,1100
1607551141777006,5234,8556,4095,0,1100
1607551141778857,5235,8557,4095,0,1100
1607551141780699,5236,8558,4095,0,1100
1607551141782557,5236,8559,4095,0,1100
1607551141784401,5247,8559,4095,0,1100
1607551141786250,5249,8559,4095,0,1100
1607551141788099,5237,8560,4095,0,1100
1607551141789947,5236,8561,4095,0,1100
1607551141795483,5235,8561,4095,0,1100
1607551141797336,5239,8562,4095,0,1100
1607551141801027,5235,8561,4095,0,1100
1607551141802880,5236,8561,4095,0,1100
1607551141804728,5236,8562,4095,0,1100
1607551141808421,5225,8562,4095,0,1100
1607551141810274,5226,8564,4095,0,1100
1607551141812191,5237,8564,4095,0,1100
1607551141813966,5236,8564,4095,0,1100
1607551141817661,5236,8565,4095,0,1100
1607551141819514,5260,8567,4095,0,1100
1607551141821363,5253,8567,4095,0,1100
1607551141823205,5229,8569,4095,0,1100
1607551141825052,5237,8570,4095,0,1100
1607551141826902,5236,8571,4095,0,1100
1607551141828756,5237,8571,4095,0,1100
1607551141832443,5249,8572,4095,0,1100
1607551141834294,5248,8574,4095,0,1100
1607551141836140,5236,8575,4095,0,1100
1607551141837994,5236,8576,4095,0,1100
1607551141839837,5236,8577,4095,0,1100
1607551141843531,5228,8578,4095,0,1100
1607551141845379,5228,8579,4095,0,1100
1607551141847240,5237,8579,4095,0,1100
1607551141849088,5237,8581,4095,0,1100
1607551141850929,5237,8582,4095,0,1100
1607551141852777,5237,8583,4095,0,1100
1607551141854622,5241,8585,4095,0,1100
1607551141856467,5232,8586,4095,0,1100
1607551141858317,5229,8587,4095,0,1100
1607551141860166,5239,8587,4095,0,1100
1607551141862019,5239,8589,4095,0,1100
1607551141863867,5239,8591,4095,0,1100
1607551141865714,5239,8592,4095,0,1100
1607551141867561,5249,8594,4095,0,1100
1607551141869409,5249,8595,4095,0,1100
1607551141871260,5239,8596,4095,0,1100
1607551141873106,5239,8597,4095,0,1100
1607551141876796,5240,8598,4095,0,1100
1607551141878650,5251,8597,4095,0,1100
1607551141880495,5252,8598,4095,0,1100
1607551141882352,5242,8599,4095,0,1100
1607551141884195,5240,8598,4095,0,1100
1607551141889732,5241,8598,4095,0,1100
1607551141891589,5233,8598,4095,0,1100
1607551141893429,5232,8599,4095,0,1100
1607551141895280,5240,8599,4095,0,1100
1607551141897126,5239,8598,4095,0,1100
1607551141898981,5239,8599,4095,0,1100
1607551141902665,5229,8599,4095,0,1100
1607551141904515,5228,8599,4095,0,1100
1607551141906363,5239,8599,4095,0,1100
1607551141910061,5238,8599,4095,0,1100
1607551141911914,5239,8599,4095,0,1100
1607551141913759,5254,8599,4095,0,1100
1607551141915610,5253,8600,4095,0,1100
1607551141917457,5238,8600,4095,0,1100
1607551141919304,5239,8599,4095,0,1100
1607551141922996,5239,8600,4095,0,1100
1607551141924850,5238,8600,4095,0,1100
1607551141926696,5246,8600,4095,0,1100
1607551141928542,5248,8600,4095,0,1100
1607551141930396,5241,8600,4095,0,1100
1607551141932239,5239,8600,4095,0,1100
1607551141937778,5228,8600,4095,0,1100
1607551141939632,5228,8601,4095,0,1100
1607551141941479,5240,8601,4095,0,1100
1607551141945171,5240,8602,4095,0,1100
1607551141947022,5239,8604,4095,0,1100
1607551141948871,5250,8606,4095,0,1100
1607551141950719,5240,8608,4095,0,1100
1607551141952570,5230,8610,4095,0,1100
1607551141954413,5241,8612,4095,0,1100
1607551141956257,5241,8613,4095,0,1100
1607551141959955,5240,8613,4095,0,1100
1607551141961804,5252,8613,4095,0,1100
1607551141963654,5253,8614,4095,0,1100
1607551141965503,5241,8614,4095,0,1100
1607551141969199,5242,8614,4095,0,1100
1607551141971048,5241,8615,4095,0,1100
1607551141972895,5233,8615,4095,0,1100
1607551141974742,5233,8614,4095,0,1100
1607551141976590,5240,8614,4095,0,1100
1607551141978439,5240,8616,4095,0,1100
1607551141980285,5241,8617,4095,0,1100
1607551141982138,5241,8618,4095,0,1100
1607551141983988,5241,8619,4095,0,1100
1607551141985835,5231,8621,4095,0,1100
1607551141987681,5231,8622,4095,0,1100
1607551141989530,5242,8623,4095,0,1100
1607551141993222,5241,8624,4095,0,1000
1607551141995074,5242,8624,4095,0,1000
1607551141996923,5244,8624,4095,0,1000
1607551141998768,5243,8625,4095,0,1000
1607551142000621,5241,8625,4095,0,1000
1607551142008004,5250,8625,4095,0,1000
1607551142009855,5251,8625,4095,0,1000
1607551142011778,5242,8625,4095,0,1000
1607551142013561,5242,8625,4095,0,1000
1607551142017244,5241,8627,4095,0,1000
1607551142019098,5243,8628,4095,0,1000
1607551142020945,5239,8629,4095,0,1000
1607551142022790,5237,8630,4095,0,1000
1607551142024642,5241,8631,4095,0,1000
1607551142026489,5242,8632,4095,0,1000
1607551142030182,5241,8634,4095,0,1000
1607551142032032,5231,8633,4095,0,1000
1607551142035724,5241,8634,4095,0,1000
1607551142039418,5240,8634,4095,0,1000
1607551142041273,5241,8635,4095,0,1000
1607551142043120,5260,8635,4095,0,1000
1607551142044972,5257,8634,4095,0,1000
1607551142046817,5240,8635,4095,0,1000
1607551142048665,5241,8635,4095,0,1000
1607551142050514,5241,8636,4095,0,1000
1607551142056047,5243,8636,4095,0,1000
1607551142057901,5244,8636,4095,0,1000
1607551142059749,5242,8638,4095,0,1000
1607551142061601,5242,8638,4095,0,1000
1607551142063449,5241,8638,4095,0,1000
1607551142065294,5240,8638,4095,0,1000
1607551142067142,5234,8638,4095,0,1000
1607551142068989,5235,8638,4095,0,1000
1607551142070917,5241,8638,4095,0,1000
1607551142072690,5241,8639,4095,0,1000
1607551142074535,5240,8639,4095,0,1000
1607551142076387,5240,8640,4095,0,1000
1607551142078234,5250,8640,4095,0,1000
1607551142080082,5238,8640,4095,0,1000
1607551142081927,5228,8641,4095,0,1000
1607551142083778,5240,8642,4095,0,1000
1607551142087468,5239,8641,4095,0,1000
1607551142089318,5240,8642,4095,0,1000
1607551142091166,5258,8643,4095,0,1000
1607551142094861,5241,8643,4095,0,1000
1607551142096714,5240,8643,4095,0,1000
1607551142100405,5241,8643,4095,0,1000
1607551142102258,5235,8644,4095,0,1000
1607551142104101,5234,8644,4095,0,1000
1607551142105951,5239,8644,4095,0,1000
1607551142107800,5240,8645,4095,0,1000
1607551142111496,5240,8647,4095,0,1000
1607551142115183,5230,8647,4095,0,1000
1607551142117035,5230,8648,4095,0,1000
1607551142118884,5239,8650,4095,0,1000
1607551142120731,5238,8650,4095,0,1000
1607551142122582,5238,8651,4095,0,1000
1607551142124432,5239,8653,4095,0,1000
1607551142126280,5232,8655,4095,0,1000
1607551142128126,5231,8655,4095,0,1000
1607551142130035,5237,8655,4095,0,1000
1607551142131826,5238,8656,4095,0,1000
1607551142133674,5238,8657,4095,0,1000
1607551142135525,5237,8658,4095,0,1000
1607551142137372,5249,8659,4095,0,1000
1607551142141061,5237,8660,4095,0,1000
1607551142144768,5236,8662,4095,0,1000
1607551142146610,5236,8664,4095,0,1000
1607551142148458,5236,8665,4095,0,1000
1607551142150305,5234,8666,4095,0,1000
1607551142152149,5232,8667,4095,0,1000
1607551142153998,5235,8667,4095,0,1000
1607551142155847,5235,8668,4095,0,1000
1607551142157702,5234,8671,4095,0,1000
1607551142159545,5233,8673,4095,0,1000
1607551142161396,5218,8674,4095,0,1000
1607551142163235,5218,8675,4095,0,1000
1607551142165083,5233,8676,4095,0,1000
1607551142166928,5232,8676,4095,0,1000
1607551142168783,5232,8677,4095,0,1000
1607551142170633,5231,8678,4095,0,1000
1607551142172484,5253,8679,4095,0,1000
1607551142174330,5250,8681,4095,0,1000
1607551142176179,5227,8682,4095,0,1000
1607551142178026,5230,8682,4095,0,1000
1607551142179875,5230,8683,4095,0,1000
1607551142181730,5230,8683,4095,0,900
1607551142183572,5230,8684,4095,0,900
1607551142185417,5236,8684,4095,0,900
1607551142187265,5237,8684,4095,0,900
1607551142189110,5230,8686,4095,0,900
1607551142190960,5230,8687,4095,0,900
1607551142194650,5230,8688,4095,0,900
1607551142196507,5220,8690,4095,0,900
1607551142198353,5219,8690,4095,0,900
1607551142200199,5230,8690,4095,0,900
1607551142202049,5230,8690,4095,0,900
1607551142203894,5229,8691,4095,0,900
1607551142207589,5235,8691,4095,0,900
1607551142209441,5217,8691,4095,0,900
1607551142211292,5212,8691,4095,0,900
1607551142213132,5230,8691,4095,0,900
1607551142214986,5230,8692,4095,0,900
1607551142218676,5229,8692,4095,0,900
1607551142220532,5245,8692,4095,0,900
1607551142222374,5246,8693,4095,0,900
1607551142224229,5230,8693,4095,0,900
1607551142226073,5229,8693,4095,0,900
1607551142227913,5229,8694,4095,0,900
1607551142229768,5229,8695,4095,0,900
1607551142231614,5231,8696,4095,0,900
1607551142233462,5230,8697,4095,0,900
1607551142235311,5228,8699,4095,0,900
1607551142237161,5228,8700,4095,0,900
1607551142239002,5228,8701,4095,0,900
1607551142242700,5228,8702,4095,0,900
1607551142244554,5218,8703,4095,0,900
1607551142248246,5228,8703,4095,0,900
1607551142250099,5228,8704,4095,0,900
1607551142251972,5228,8705,4095,0,900
1607551142253793,5228,8706,4095,0,900
1607551142255640,5226,8709,4095,0,900
1607551142257487,5226,8711,4095,0,900
1607551142259332,5228,8712,4095,0,900
1607551142261216,5229,8712,4095,0,900
1607551142263033,5228,8713,4095,0,900
1607551142266724,5238,8713,4095,0,900
1607551142268577,5238,8714,4095,0,900
1607551142270425,5229,8715,4095,0,900
1607551142272270,5228,8717,4095,0,900
1607551142275960,5229,8718,4095,0,900
1607551142277813,5230,8719,4095,0,900
1607551142279661,5226,8720,4095,0,900
1607551142281513,5226,8721,4095,0,900
1607551142283361,5230,8722,4095,0,900
1607551142285208,5230,8723,4095,0,900
1607551142288904,5230,8724,4095,0,900
1607551142290748,5213,8724,4095,0,900
1607551142292602,5214,8724,4095,0,900
1607551142294450,5231,8726,4095,0,900
1607551142296371,5230,8726,4095,0,900
1607551142301837,5246,8726,4095,0,900
1607551142303688,5241,8727,4095,0,900
1607551142305535,5225,8728,4095,0,900
1607551142307383,5230,8727,4095,0,900
1607551142309232,5230,8726,4095,0,900
1607551142311080,5230,8727,4095,0,900
1607551142316616,5233,8726,4095,0,900
1607551142320313,5230,8726,4095,0,900
1607551142325858,5223,8725,4095,0,900
1607551142327711,5224,8724,4095,0,900
1607551142329562,5230,8723,4095,0,900
1607551142331408,5230,8722,4095,0,900
1607551142333252,5229,8721,4095,0,900
1607551142335098,5228,8720,4095,0,900
1607551142336955,5234,8718,4095,0,900
1607551142338803,5222,8715,4095,0,900
1607551142340651,5214,8711,4095,0,900
1607551142342512,5223,8705,4095,0,900
1607551142344350,5219,8698,3909,0,900
1607551142346202,5215,8690,3173,0,900
1607551142348051,5211,8681,2436,0,900
1607551142349898,5218,8673,2065,0,900
